ProductName,Category,Brand,UnitPrice,ProductID
Badminton Set,Home & Furniture,FakeUrbanGlow,719,1
Sled,Toys & Games,FakeUrbanGlow,133,2
Tackle Box,Kitchen & Dining,FakeZenithStyle,679,3
VR Headset,Health & Fitness,FakeZenithStyle,112,4
Drone,Electronics,FakeZenithStyle,179,5
Tent,Health & Fitness,FakeEtherealEdge,670,6
Kayak,Sports & Recreation,FakeZenithStyle,949,7
Snow Shovel,Health & Fitness,FakeEtherealEdge,857,8
Jacket,Electronics,FakeLuxeAura,362,9
Sheets,Home & Furniture,FakeVelvetVista,153,10
3D Printer,Health & Fitness,FakeUrbanGlow,375,11
Fitness Tracker,Outdoor & Garden,FakeVelvetVista,313,12
Rain Jacket,Sports & Recreation,FakeEtherealEdge,541,13
Basketball,Kitchen & Dining,FakeZenithStyle,314,14
Memory Card,Arts & Crafts,FakeEtherealEdge,822,15
Suitcase,Sports & Recreation,FakeVelvetVista,625,16
Fitness Tracker,Electronics,FakeLuxeAura,640,17
Garden Tools,Kitchen & Dining,FakeVelvetVista,588,18
Suitcase,Sports & Recreation,FakeZenithStyle,142,19
Supplement,Sports & Recreation,FakeVelvetVista,166,20
Hair Dryer,Kitchen & Dining,FakeEtherealEdge,293,21
VR Headset,Outdoor & Garden,FakeVelvetVista,581,22
Backpack,Home & Furniture,FakeZenithStyle,688,23
Dumbbells,Outdoor & Garden,FakeUrbanGlow,501,24
Portable Hard Drive,Arts & Crafts,FakeVelvetVista,749,25
Lawn Sprinkler,Electronics,FakeEtherealEdge,180,26
Oven,Toys & Games,FakeZenithStyle,349,27
Dart Board,Electronics,FakeVelvetVista,613,28
Earbuds,Arts & Crafts,FakeUrbanGlow,218,29
Sleeping Bag,Arts & Crafts,FakeUrbanGlow,389,30
Action Figure,Health & Fitness,FakeLuxeAura,794,31
VR Headset,Home & Furniture,FakeLuxeAura,932,32
Vacuum Cleaner,Electronics,FakeVelvetVista,729,33
Stove,Toys & Games,FakeLuxeAura,863,34
Lawn Sprinkler,Toys & Games,FakeUrbanGlow,399,35
Tarp,Arts & Crafts,FakeVelvetVista,671,36
Laser Printer,Outdoor & Garden,FakeUrbanGlow,641,37
Antivirus,Sports & Recreation,FakeEtherealEdge,921,38
Badminton Set,Arts & Crafts,FakeLuxeAura,394,39
Tent,Home & Furniture,FakeZenithStyle,804,40
Juicer,Health & Fitness,FakeZenithStyle,363,41
Basketball,Kitchen & Dining,FakeVelvetVista,817,42
Backpack,Pets,FakeLuxeAura,774,43
Drone,Health & Fitness,FakeZenithStyle,492,44
3D Printer,Kitchen & Dining,FakeVelvetVista,873,45
Dog Collar,Sports & Recreation,FakeZenithStyle,466,46
Memory Card,Pets,FakeZenithStyle,127,47
Laptop,Sports & Recreation,FakeLuxeAura,417,48
Camping Tent,Outdoor & Garden,FakeUrbanGlow,413,49
Smart Light,Pets,FakeZenithStyle,736,50
Camera,Arts & Crafts,FakeUrbanGlow,697,51
Dart Board,Arts & Crafts,FakeUrbanGlow,191,52
Sleeping Bag,Pets,FakeEtherealEdge,746,53
Refrigerator,Home Appliances,FakeEtherealEdge,837,54
Board Game,Health & Fitness,FakeVelvetVista,750,55
Cat Litter Box,Outdoor & Garden,FakeZenithStyle,220,56
Cat Tree,Kitchen & Dining,FakeZenithStyle,405,57
Router,Health & Fitness,FakeVelvetVista,985,58
Patio Furniture,Pets,FakeVelvetVista,345,59
Sheets,Pets,FakeLuxeAura,197,60
Toothpaste,Health & Fitness,FakeEtherealEdge,271,61
Snowboard,Toys & Games,FakeZenithStyle,567,62
Treadmill,Toys & Games,FakeVelvetVista,484,63
Garden Hose,Arts & Crafts,FakeEtherealEdge,587,64
BBQ Grill,Health & Fitness,FakeLuxeAura,154,65
Electric Kettle,Outdoor & Garden,FakeZenithStyle,430,66
Laser Printer,Health & Fitness,FakeEtherealEdge,803,67
Smart Light,Toys & Games,FakeLuxeAura,937,68
Art Supplies,Electronics,FakeVelvetVista,193,69
Backpack,Sports & Recreation,FakeVelvetVista,238,70
Helmet,Pets,FakeLuxeAura,505,71
Jacket,Pets,FakeUrbanGlow,805,72
Dog Collar,Health & Fitness,FakeUrbanGlow,932,73
Home Security Camera,Sports & Recreation,FakeLuxeAura,334,74
Volleyball,Electronics,FakeVelvetVista,717,75
Toothpaste,Health & Fitness,FakeUrbanGlow,186,76
Tent,Pets,FakeEtherealEdge,277,77
Grill,Sports & Recreation,FakeUrbanGlow,379,78
Hammock,Kitchen & Dining,FakeZenithStyle,710,79
Hiking Boots,Electronics,FakeUrbanGlow,160,80
Art Supplies,Outdoor & Garden,FakeZenithStyle,732,81
Bicycle,Sports & Recreation,FakeUrbanGlow,787,82
Water Filter,Electronics,FakeUrbanGlow,680,83
Oven,Outdoor & Garden,FakeEtherealEdge,307,84
Power Bank,Home Appliances,FakeZenithStyle,136,85
Trekking Poles,Outdoor & Garden,FakeEtherealEdge,370,86
Wi-Fi Extender,Toys & Games,FakeZenithStyle,856,87
Antivirus,Outdoor & Garden,FakeZenithStyle,280,88
Thermos,Sports & Recreation,FakeUrbanGlow,612,89
Tarp,Kitchen & Dining,FakeZenithStyle,690,90
Lawn Sprinkler,Home Appliances,FakeEtherealEdge,224,91
Lawn Sprinkler,Toys & Games,FakeVelvetVista,849,92
Aquarium,Pets,FakeLuxeAura,756,93
Memory Card,Home Appliances,FakeEtherealEdge,739,94
Power Bank,Outdoor & Garden,FakeLuxeAura,799,95
Kayak,Outdoor & Garden,FakeVelvetVista,858,96
Pet Bed,Kitchen & Dining,FakeZenithStyle,136,97
Basketball,Home Appliances,FakeVelvetVista,112,98
Pet Toy,Toys & Games,FakeZenithStyle,970,99
Camera,Arts & Crafts,FakeZenithStyle,683,100
Soap,Sports & Recreation,FakeUrbanGlow,120,101
Game Console,Sports & Recreation,FakeZenithStyle,868,102
Cat Tree,Home & Furniture,FakeEtherealEdge,581,103
Robot Vacuum,Health & Fitness,FakeUrbanGlow,826,104
Basketball,Outdoor & Garden,FakeZenithStyle,147,105
Smart Thermostat,Outdoor & Garden,FakeLuxeAura,578,106
Action Figure,Arts & Crafts,FakeEtherealEdge,917,107
Fitness Tracker,Home & Furniture,FakeZenithStyle,565,108
Pet Carrier,Toys & Games,FakeEtherealEdge,350,109
Juicer,Pets,FakeLuxeAura,458,110
Smart Thermostat,Toys & Games,FakeLuxeAura,192,111
Coffee Maker,Electronics,FakeEtherealEdge,267,112
Stove,Health & Fitness,FakeLuxeAura,355,113
Helmet,Toys & Games,FakeUrbanGlow,569,114
Ski Goggles,Electronics,FakeVelvetVista,227,115
Wetsuit,Kitchen & Dining,FakeZenithStyle,386,116
Wetsuit,Home Appliances,FakeUrbanGlow,629,117
Portable Charger,Pets,FakeUrbanGlow,738,118
Portable Hard Drive,Electronics,FakeVelvetVista,158,119
Lamp,Pets,FakeEtherealEdge,374,120
Juicer,Home Appliances,FakeEtherealEdge,935,121
Pet Toy,Arts & Crafts,FakeVelvetVista,227,122
Volleyball,Electronics,FakeEtherealEdge,255,123
Tent,Outdoor & Garden,FakeZenithStyle,681,124
Stove,Health & Fitness,FakeZenithStyle,701,125
Humidifier,Arts & Crafts,FakeLuxeAura,243,126
Dumbbells,Pets,FakeLuxeAura,756,127
3D Printer,Electronics,FakeVelvetVista,652,128
Power Bank,Home & Furniture,FakeZenithStyle,551,129
Ping Pong Table,Arts & Crafts,FakeUrbanGlow,441,130
Smart Thermostat,Home & Furniture,FakeUrbanGlow,989,131
Snowboard,Arts & Crafts,FakeEtherealEdge,657,132
Patio Furniture,Pets,FakeLuxeAura,443,133
Camping Tent,Arts & Crafts,FakeEtherealEdge,767,134
Pet Feeder,Kitchen & Dining,FakeZenithStyle,231,135
Supplement,Kitchen & Dining,FakeUrbanGlow,723,136
Snow Shovel,Pets,FakeZenithStyle,421,137
Puzzle,Pets,FakeEtherealEdge,499,138
Fire Pit,Toys & Games,FakeEtherealEdge,843,139
Tablet,Electronics,FakeZenithStyle,938,140
Rain Jacket,Health & Fitness,FakeVelvetVista,101,141
Fishing Rod,Home Appliances,FakeZenithStyle,281,142
Volleyball,Pets,FakeEtherealEdge,487,143
Jacket,Kitchen & Dining,FakeEtherealEdge,998,144
Garden Tools,Sports & Recreation,FakeEtherealEdge,322,145
Drone,Electronics,FakeEtherealEdge,741,146
Garden Tools,Home Appliances,FakeZenithStyle,171,147
Wetsuit,Health & Fitness,FakeLuxeAura,307,148
Speaker,Kitchen & Dining,FakeEtherealEdge,502,149
Blender,Electronics,FakeUrbanGlow,195,150
Wetsuit,Pets,FakeUrbanGlow,781,151
Electric Shaver,Pets,FakeVelvetVista,168,152
Electric Car,Sports & Recreation,FakeEtherealEdge,462,153
Art Supplies,Sports & Recreation,FakeUrbanGlow,412,154
Power Bank,Pets,FakeZenithStyle,700,155
Hair Dryer,Health & Fitness,FakeZenithStyle,490,156
Dart Board,Home Appliances,FakeUrbanGlow,463,157
Memory Card,Pets,FakeUrbanGlow,714,158
Bird Cage,Health & Fitness,FakeUrbanGlow,795,159
Lamp,Electronics,FakeLuxeAura,748,160
Vacuum Cleaner,Electronics,FakeVelvetVista,998,161
Action Figure,Outdoor & Garden,FakeLuxeAura,523,162
Bicycle,Toys & Games,FakeLuxeAura,630,163
Pet Carrier,Home Appliances,FakeUrbanGlow,325,164
Dog House,Home Appliances,FakeVelvetVista,900,165
Hair Dryer,Sports & Recreation,FakeLuxeAura,694,166
Electric Toothbrush,Home Appliances,FakeZenithStyle,916,167
Pillow,Sports & Recreation,FakeUrbanGlow,449,168
Sleeping Pad,Toys & Games,FakeUrbanGlow,926,169
Stove,Pets,FakeEtherealEdge,800,170
Pet Toy,Home Appliances,FakeZenithStyle,799,171
Board Game,Outdoor & Garden,FakeLuxeAura,298,172
Dehumidifier,Kitchen & Dining,FakeVelvetVista,441,173
Drone,Electronics,FakeLuxeAura,801,174
Electric Kettle,Kitchen & Dining,FakeEtherealEdge,781,175
Wi-Fi Extender,Kitchen & Dining,FakeEtherealEdge,181,176
Action Figure,Electronics,FakeVelvetVista,882,177
Suitcase,Sports & Recreation,FakeZenithStyle,563,178
Fan,Home & Furniture,FakeUrbanGlow,537,179
Outdoor Umbrella,Electronics,FakeZenithStyle,682,180
Garden Tools,Arts & Crafts,FakeEtherealEdge,396,181
Golf Clubs,Electronics,FakeUrbanGlow,687,182
Plant Pot,Toys & Games,FakeZenithStyle,164,183
Tennis Racket,Electronics,FakeUrbanGlow,537,184
Smart Doorbell,Kitchen & Dining,FakeVelvetVista,313,185
Electric Kettle,Electronics,FakeUrbanGlow,981,186
Bird Cage,Sports & Recreation,FakeVelvetVista,456,187
Soccer Ball,Arts & Crafts,FakeLuxeAura,513,188
Trekking Poles,Sports & Recreation,FakeLuxeAura,853,189
Dart Board,Home & Furniture,FakeLuxeAura,642,190
Garden Hose,Electronics,FakeEtherealEdge,304,191
Mattress,Pets,FakeLuxeAura,148,192
Cat Tree,Toys & Games,FakeLuxeAura,227,193
Kayak,Outdoor & Garden,FakeZenithStyle,615,194
Bluetooth Speaker,Home Appliances,FakeLuxeAura,159,195
Hair Dryer,Pets,FakeUrbanGlow,457,196
Electric Kettle,Home & Furniture,FakeVelvetVista,634,197
Craft Kit,Arts & Crafts,FakeVelvetVista,900,198
Rain Jacket,Pets,FakeVelvetVista,864,199
Building Blocks,Pets,FakeLuxeAura,970,200
Treadmill,Electronics,FakeUrbanGlow,729,201
Portable Charger,Home & Furniture,FakeVelvetVista,488,202
Sleeping Bag,Electronics,FakeVelvetVista,285,203
Dart Board,Kitchen & Dining,FakeVelvetVista,741,204
Sleeping Pad,Home & Furniture,FakeEtherealEdge,200,205
Pet Bed,Health & Fitness,FakeEtherealEdge,190,206
Pillow,Health & Fitness,FakeZenithStyle,759,207
Tarp,Toys & Games,FakeEtherealEdge,324,208
Suitcase,Home Appliances,FakeLuxeAura,646,209
Lamp,Pets,FakeEtherealEdge,812,210
Dumbbells,Kitchen & Dining,FakeLuxeAura,667,211
Electric Toothbrush,Health & Fitness,FakeLuxeAura,884,212
Doll,Kitchen & Dining,FakeZenithStyle,951,213
Tennis Racket,Toys & Games,FakeLuxeAura,652,214
Air Purifier,Kitchen & Dining,FakeEtherealEdge,982,215
Backpacking Stove,Home Appliances,FakeZenithStyle,670,216
Rain Jacket,Home & Furniture,FakeEtherealEdge,494,217
Treadmill,Sports & Recreation,FakeEtherealEdge,235,218
Electric Scooter,Toys & Games,FakeVelvetVista,731,219
Bed,Pets,FakeUrbanGlow,157,220
Telescope,Pets,FakeUrbanGlow,197,221
Dart Board,Electronics,FakeLuxeAura,143,222
Binoculars,Toys & Games,FakeEtherealEdge,684,223
Lamp,Sports & Recreation,FakeUrbanGlow,401,224
Juicer,Outdoor & Garden,FakeZenithStyle,699,225
BBQ Grill,Kitchen & Dining,FakeEtherealEdge,143,226
Rain Jacket,Arts & Crafts,FakeUrbanGlow,804,227
Treadmill,Sports & Recreation,FakeVelvetVista,124,228
Laser Printer,Toys & Games,FakeEtherealEdge,673,229
Soccer Ball,Health & Fitness,FakeUrbanGlow,146,230
Snorkel Gear,Health & Fitness,FakeZenithStyle,300,231
Glasses,Kitchen & Dining,FakeZenithStyle,729,232
Backpacking Stove,Home & Furniture,FakeLuxeAura,517,233
Game Console,Electronics,FakeZenithStyle,959,234
Bird Cage,Toys & Games,FakeVelvetVista,894,235
Smartwatch,Electronics,FakeUrbanGlow,696,236
Snowboard,Toys & Games,FakeVelvetVista,597,237
Tennis Racket,Electronics,FakeZenithStyle,133,238
Electric Toothbrush,Outdoor & Garden,FakeUrbanGlow,459,239
Aquarium,Toys & Games,FakeEtherealEdge,985,240
Antivirus,Health & Fitness,FakeVelvetVista,567,241
Tackle Box,Health & Fitness,FakeUrbanGlow,663,242
Basketball,Sports & Recreation,FakeLuxeAura,180,243
Electric Car,Toys & Games,FakeUrbanGlow,778,244
Kayak,Home & Furniture,FakeLuxeAura,483,245
Pet Feeder,Outdoor & Garden,FakeUrbanGlow,138,246
Snorkel Gear,Electronics,FakeVelvetVista,383,247
Binoculars,Pets,FakeVelvetVista,935,248
External SSD,Kitchen & Dining,FakeVelvetVista,853,249
Snowboard,Pets,FakeEtherealEdge,381,250
Hair Dryer,Home Appliances,FakeVelvetVista,532,251
Hiking Boots,Pets,FakeVelvetVista,601,252
Hair Dryer,Sports & Recreation,FakeEtherealEdge,448,253
Baseball Glove,Outdoor & Garden,FakeZenithStyle,474,254
Yoga Mat,Home & Furniture,FakeEtherealEdge,664,255
Life Jacket,Electronics,FakeEtherealEdge,641,256
Monitor,Outdoor & Garden,FakeEtherealEdge,964,257
Sewing Machine,Sports & Recreation,FakeZenithStyle,734,258
Garden Tools,Pets,FakeLuxeAura,510,259
Ski Goggles,Electronics,FakeZenithStyle,352,260
Vacuum Cleaner,Home Appliances,FakeLuxeAura,947,261
Garden Tools,Toys & Games,FakeVelvetVista,400,262
Water Filter,Arts & Crafts,FakeZenithStyle,266,263
Sewing Machine,Toys & Games,FakeUrbanGlow,577,264
Aquarium,Electronics,FakeVelvetVista,389,265
Oven,Pets,FakeUrbanGlow,931,266
Lawn Mower,Pets,FakeLuxeAura,624,267
Oven,Toys & Games,FakeVelvetVista,112,268
Electric Kettle,Toys & Games,FakeEtherealEdge,191,269
Keyboard,Electronics,FakeVelvetVista,186,270
Binoculars,Pets,FakeZenithStyle,507,271
Volleyball,Home Appliances,FakeUrbanGlow,867,272
Robot Vacuum,Sports & Recreation,FakeLuxeAura,867,273
Cat Tree,Home & Furniture,FakeEtherealEdge,345,274
Camera,Health & Fitness,FakeEtherealEdge,921,275
Speaker,Kitchen & Dining,FakeVelvetVista,470,276
Pillow,Home Appliances,FakeUrbanGlow,796,277
Binoculars,Sports & Recreation,FakeLuxeAura,788,278
Puzzle,Home & Furniture,FakeLuxeAura,616,279
Volleyball,Toys & Games,FakeEtherealEdge,349,280
Water Bottle,Health & Fitness,FakeEtherealEdge,499,281
Dog Collar,Sports & Recreation,FakeZenithStyle,381,282
Backpack,Sports & Recreation,FakeVelvetVista,851,283
Snorkel Gear,Outdoor & Garden,FakeZenithStyle,136,284
Pet Feeder,Toys & Games,FakeEtherealEdge,874,285
Portable Charger,Arts & Crafts,FakeEtherealEdge,206,286
Tackle Box,Electronics,FakeVelvetVista,264,287
Aquarium,Electronics,FakeLuxeAura,169,288
Doll,Home Appliances,FakeUrbanGlow,766,289
Power Bank,Kitchen & Dining,FakeZenithStyle,539,290
Craft Kit,Home Appliances,FakeVelvetVista,747,291
Doll,Electronics,FakeVelvetVista,982,292
Refrigerator,Toys & Games,FakeZenithStyle,277,293
Sled,Arts & Crafts,FakeUrbanGlow,715,294
Outdoor Umbrella,Sports & Recreation,FakeUrbanGlow,480,295
Treadmill,Home & Furniture,FakeUrbanGlow,934,296
Jacket,Electronics,FakeZenithStyle,917,297
Humidifier,Health & Fitness,FakeVelvetVista,614,298
Garden Tools,Home Appliances,FakeZenithStyle,931,299
Humidifier,Sports & Recreation,FakeVelvetVista,238,300
Dehumidifier,Home & Furniture,FakeEtherealEdge,545,301
Game Console,Kitchen & Dining,FakeLuxeAura,618,302
Rain Jacket,Kitchen & Dining,FakeVelvetVista,100,303
Flashlight,Kitchen & Dining,FakeEtherealEdge,544,304
Garden Hose,Toys & Games,FakeLuxeAura,875,305
Hammock,Kitchen & Dining,FakeUrbanGlow,748,306
Helmet,Health & Fitness,FakeZenithStyle,843,307
Jacket,Outdoor & Garden,FakeEtherealEdge,634,308
Power Bank,Home & Furniture,FakeVelvetVista,752,309
Showerhead,Outdoor & Garden,FakeZenithStyle,278,310
Jacket,Outdoor & Garden,FakeVelvetVista,591,311
Plant Pot,Outdoor & Garden,FakeZenithStyle,982,312
Suitcase,Outdoor & Garden,FakeLuxeAura,674,313
Thermos,Home & Furniture,FakeVelvetVista,772,314
Antivirus,Home Appliances,FakeVelvetVista,902,315
Oven,Electronics,FakeLuxeAura,455,316
Garden Hose,Home & Furniture,FakeZenithStyle,787,317
Microwave,Outdoor & Garden,FakeUrbanGlow,613,318
Wi-Fi Extender,Home Appliances,FakeZenithStyle,169,319
Thermos,Health & Fitness,FakeLuxeAura,726,320
Stove,Toys & Games,FakeVelvetVista,607,321
Aquarium,Home Appliances,FakeLuxeAura,668,322
Yoga Mat,Health & Fitness,FakeLuxeAura,564,323
Paddleboard,Arts & Crafts,FakeEtherealEdge,851,324
Pet Carrier,Arts & Crafts,FakeEtherealEdge,743,325
Projector,Outdoor & Garden,FakeEtherealEdge,474,326
Home Security Camera,Toys & Games,FakeZenithStyle,865,327
Ski Goggles,Toys & Games,FakeEtherealEdge,542,328
BBQ Grill,Sports & Recreation,FakeLuxeAura,108,329
Glasses,Outdoor & Garden,FakeEtherealEdge,984,330
Toothpaste,Health & Fitness,FakeLuxeAura,572,331
Dog Leash,Home Appliances,FakeLuxeAura,892,332
Patio Furniture,Electronics,FakeUrbanGlow,782,333
Golf Clubs,Toys & Games,FakeVelvetVista,384,334
Pet Toy,Kitchen & Dining,FakeVelvetVista,835,335
Fishing Rod,Kitchen & Dining,FakeLuxeAura,458,336
Speaker,Home Appliances,FakeUrbanGlow,922,337
Lawn Sprinkler,Electronics,FakeEtherealEdge,405,338
Washing Machine,Kitchen & Dining,FakeVelvetVista,992,339
Tablet,Electronics,FakeEtherealEdge,847,340
Toy Car,Arts & Crafts,FakeZenithStyle,465,341
Tent,Toys & Games,FakeUrbanGlow,974,342
Supplement,Kitchen & Dining,FakeZenithStyle,630,343
Pet Bed,Arts & Crafts,FakeUrbanGlow,108,344
Water Bottle,Toys & Games,FakeVelvetVista,248,345
Air Conditioner,Home Appliances,FakeEtherealEdge,370,346
Lamp,Electronics,FakeLuxeAura,998,347
Fitness Tracker,Sports & Recreation,FakeLuxeAura,615,348
Golf Clubs,Home Appliances,FakeUrbanGlow,975,349
Sled,Health & Fitness,FakeVelvetVista,792,350
Robot Vacuum,Home Appliances,FakeLuxeAura,314,351
Bluetooth Speaker,Arts & Crafts,FakeEtherealEdge,162,352
Smartwatch,Health & Fitness,FakeZenithStyle,528,353
Garden Tools,Health & Fitness,FakeVelvetVista,885,354
Projector,Home Appliances,FakeZenithStyle,338,355
Lamp,Electronics,FakeVelvetVista,759,356
Dog House,Pets,FakeUrbanGlow,265,357
Microwave,Home & Furniture,FakeUrbanGlow,542,358
Monitor,Sports & Recreation,FakeLuxeAura,953,359
Garden Hose,Electronics,FakeEtherealEdge,715,360
Router,Home Appliances,FakeZenithStyle,900,361
Puzzle,Arts & Crafts,FakeZenithStyle,773,362
Memory Card,Home & Furniture,FakeVelvetVista,222,363
Kayak,Pets,FakeEtherealEdge,754,364
Suitcase,Toys & Games,FakeZenithStyle,410,365
Pet Carrier,Electronics,FakeZenithStyle,600,366
Wi-Fi Extender,Home Appliances,FakeUrbanGlow,428,367
Bird Cage,Arts & Crafts,FakeLuxeAura,564,368
Lawn Sprinkler,Pets,FakeLuxeAura,904,369
Electric Scooter,Pets,FakeZenithStyle,380,370
Camping Chair,Kitchen & Dining,FakeLuxeAura,675,371
Golf Clubs,Pets,FakeZenithStyle,120,372
Dart Board,Health & Fitness,FakeZenithStyle,816,373
Sheets,Health & Fitness,FakeEtherealEdge,330,374
Bed,Outdoor & Garden,FakeZenithStyle,191,375
Tarp,Outdoor & Garden,FakeUrbanGlow,275,376
Helmet,Electronics,FakeVelvetVista,683,377
Craft Kit,Pets,FakeUrbanGlow,224,378
Art Supplies,Kitchen & Dining,FakeZenithStyle,818,379
Electric Toothbrush,Sports & Recreation,FakeZenithStyle,900,380
Lawn Mower,Arts & Crafts,FakeLuxeAura,491,381
Laptop,Sports & Recreation,FakeZenithStyle,340,382
Home Security Camera,Home Appliances,FakeLuxeAura,798,383
Aquarium,Kitchen & Dining,FakeUrbanGlow,569,384
Sled,Health & Fitness,FakeLuxeAura,775,385
Wetsuit,Home & Furniture,FakeEtherealEdge,720,386
Lawn Mower,Arts & Crafts,FakeLuxeAura,954,387
Bird Cage,Home Appliances,FakeUrbanGlow,632,388
Patio Furniture,Pets,FakeVelvetVista,600,389
Dog Leash,Home & Furniture,FakeEtherealEdge,639,390
External SSD,Sports & Recreation,FakeUrbanGlow,799,391
Camping Chair,Pets,FakeUrbanGlow,363,392
Coffee Maker,Home & Furniture,FakeLuxeAura,618,393
Drone,Home & Furniture,FakeEtherealEdge,311,394
Humidifier,Pets,FakeLuxeAura,508,395
Dog House,Toys & Games,FakeUrbanGlow,190,396
Sleeping Pad,Home & Furniture,FakeZenithStyle,923,397
Telescope,Home & Furniture,FakeVelvetVista,543,398
Pet Feeder,Home & Furniture,FakeZenithStyle,860,399
Fan,Toys & Games,FakeLuxeAura,589,400
Electric Car,Pets,FakeLuxeAura,650,401
Smart Light,Outdoor & Garden,FakeZenithStyle,403,402
Dehumidifier,Home & Furniture,FakeLuxeAura,756,403
Tent,Arts & Crafts,FakeUrbanGlow,339,404
Art Supplies,Arts & Crafts,FakeVelvetVista,292,405
Outdoor Umbrella,Home Appliances,FakeEtherealEdge,368,406
Dart Board,Home Appliances,FakeLuxeAura,848,407
Badminton Set,Arts & Crafts,FakeUrbanGlow,404,408
Pet Bed,Kitchen & Dining,FakeUrbanGlow,788,409
Garden Hose,Outdoor & Garden,FakeEtherealEdge,563,410
Smartwatch,Sports & Recreation,FakeVelvetVista,513,411
Projector,Home & Furniture,FakeZenithStyle,953,412
Smart Light,Electronics,FakeEtherealEdge,241,413
Bird Feeder,Kitchen & Dining,FakeLuxeAura,384,414
Lawn Sprinkler,Electronics,FakeZenithStyle,791,415
Home Security Camera,Sports & Recreation,FakeEtherealEdge,807,416
Jacket,Toys & Games,FakeUrbanGlow,851,417
Kayak,Kitchen & Dining,FakeVelvetVista,366,418
Power Bank,Pets,FakeVelvetVista,656,419
Tablet,Arts & Crafts,FakeVelvetVista,813,420
Water Filter,Home & Furniture,FakeEtherealEdge,793,421
Smart Thermostat,Sports & Recreation,FakeUrbanGlow,714,422
Earbuds,Outdoor & Garden,FakeUrbanGlow,519,423
Sleeping Pad,Toys & Games,FakeZenithStyle,122,424
Smart Doorbell,Pets,FakeVelvetVista,225,425
Electric Toothbrush,Home & Furniture,FakeZenithStyle,326,426
Thermos,Home & Furniture,FakeEtherealEdge,531,427
Portable Hard Drive,Outdoor & Garden,FakeZenithStyle,820,428
Pet Toy,Outdoor & Garden,FakeZenithStyle,955,429
Dishwasher,Home & Furniture,FakeEtherealEdge,212,430
Drone,Home Appliances,FakeUrbanGlow,234,431
Speaker,Toys & Games,FakeZenithStyle,883,432
Ping Pong Table,Arts & Crafts,FakeVelvetVista,671,433
Flashlight,Toys & Games,FakeZenithStyle,489,434
Router,Outdoor & Garden,FakeUrbanGlow,360,435
Grill,Home Appliances,FakeZenithStyle,191,436
Blender,Home Appliances,FakeVelvetVista,474,437
Thermos,Electronics,FakeVelvetVista,743,438
Snowboard,Arts & Crafts,FakeUrbanGlow,762,439
Game Console,Electronics,FakeLuxeAura,335,440
Soap,Pets,FakeLuxeAura,921,441
Snow Shovel,Health & Fitness,FakeEtherealEdge,609,442
Lawn Sprinkler,Health & Fitness,FakeUrbanGlow,695,443
Toothpaste,Kitchen & Dining,FakeUrbanGlow,521,444
Camera,Health & Fitness,FakeUrbanGlow,212,445
Pet Feeder,Home & Furniture,FakeEtherealEdge,249,446
External SSD,Home & Furniture,FakeVelvetVista,706,447
Showerhead,Outdoor & Garden,FakeEtherealEdge,206,448
Ski Poles,Home Appliances,FakeEtherealEdge,693,449
Snowboard,Outdoor & Garden,FakeLuxeAura,425,450
Craft Kit,Health & Fitness,FakeEtherealEdge,189,451
Basketball,Kitchen & Dining,FakeVelvetVista,156,452
Electric Shaver,Arts & Crafts,FakeLuxeAura,631,453
Dishwasher,Toys & Games,FakeEtherealEdge,810,454
Smart Doorbell,Toys & Games,FakeUrbanGlow,800,455
Tablet,Kitchen & Dining,FakeZenithStyle,604,456
Building Blocks,Electronics,FakeUrbanGlow,992,457
Golf Clubs,Sports & Recreation,FakeEtherealEdge,389,458
Surfboard,Home & Furniture,FakeUrbanGlow,391,459
Sleeping Pad,Pets,FakeLuxeAura,958,460
Suitcase,Home Appliances,FakeZenithStyle,983,461
Dehumidifier,Pets,FakeVelvetVista,264,462
Keyboard,Pets,FakeZenithStyle,921,463
Game Console,Electronics,FakeLuxeAura,366,464
Lawn Sprinkler,Electronics,FakeLuxeAura,841,465
Printer,Electronics,FakeZenithStyle,581,466
Laptop,Sports & Recreation,FakeZenithStyle,913,467
Lawn Mower,Arts & Crafts,FakeLuxeAura,146,468
Yoga Mat,Outdoor & Garden,FakeVelvetVista,391,469
Pet Feeder,Sports & Recreation,FakeZenithStyle,317,470
Jacket,Electronics,FakeLuxeAura,120,471
Paddleboard,Arts & Crafts,FakeVelvetVista,226,472
Laser Printer,Kitchen & Dining,FakeEtherealEdge,136,473
Headphones,Toys & Games,FakeLuxeAura,602,474
Game Console,Kitchen & Dining,FakeLuxeAura,616,475
Microwave,Outdoor & Garden,FakeUrbanGlow,189,476
Projector,Electronics,FakeEtherealEdge,953,477
Bluetooth Speaker,Outdoor & Garden,FakeZenithStyle,241,478
Cat Litter Box,Electronics,FakeVelvetVista,137,479
Garden Hose,Sports & Recreation,FakeVelvetVista,222,480
Blender,Pets,FakeLuxeAura,649,481
Pet Carrier,Home Appliances,FakeLuxeAura,546,482
Sheets,Toys & Games,FakeLuxeAura,329,483
Suitcase,Sports & Recreation,FakeLuxeAura,101,484
Smart Light,Arts & Crafts,FakeEtherealEdge,392,485
Refrigerator,Toys & Games,FakeUrbanGlow,730,486
Portable Hard Drive,Health & Fitness,FakeLuxeAura,921,487
Robot Vacuum,Health & Fitness,FakeEtherealEdge,356,488
Hair Dryer,Toys & Games,FakeEtherealEdge,360,489
Rain Jacket,Kitchen & Dining,FakeVelvetVista,306,490
Water Bottle,Kitchen & Dining,FakeLuxeAura,748,491
Router,Home Appliances,FakeEtherealEdge,585,492
Kayak,Sports & Recreation,FakeVelvetVista,411,493
Dehumidifier,Home & Furniture,FakeZenithStyle,235,494
Dumbbells,Kitchen & Dining,FakeUrbanGlow,331,495
Craft Kit,Health & Fitness,FakeVelvetVista,991,496
Board Game,Arts & Crafts,FakeLuxeAura,470,497
Ping Pong Table,Pets,FakeEtherealEdge,521,498
Printer,Home Appliances,FakeUrbanGlow,249,499
Ski Goggles,Home & Furniture,FakeVelvetVista,980,500
Printer,Arts & Crafts,FakeLuxeAura,841,501
Tent,Home Appliances,FakeEtherealEdge,245,502
Flashlight,Home & Furniture,FakeUrbanGlow,132,503
Jacket,Electronics,FakeZenithStyle,205,504
Wetsuit,Electronics,FakeVelvetVista,449,505
Bicycle,Kitchen & Dining,FakeLuxeAura,147,506
Puzzle,Home & Furniture,FakeUrbanGlow,400,507
Portable Hard Drive,Arts & Crafts,FakeZenithStyle,424,508
Laser Printer,Toys & Games,FakeUrbanGlow,630,509
Speaker,Electronics,FakeEtherealEdge,276,510
Electric Kettle,Home Appliances,FakeEtherealEdge,448,511
Golf Clubs,Toys & Games,FakeUrbanGlow,713,512
Flashlight,Home Appliances,FakeZenithStyle,792,513
Oven,Home Appliances,FakeLuxeAura,525,514
Puzzle,Toys & Games,FakeLuxeAura,525,515
Sheets,Outdoor & Garden,FakeVelvetVista,477,516
Cat Tree,Outdoor & Garden,FakeEtherealEdge,915,517
Soccer Ball,Health & Fitness,FakeLuxeAura,685,518
Volleyball,Pets,FakeUrbanGlow,683,519
Kayak,Health & Fitness,FakeUrbanGlow,282,520
Golf Clubs,Home Appliances,FakeEtherealEdge,307,521
Water Filter,Health & Fitness,FakeEtherealEdge,930,522
Earbuds,Electronics,FakeUrbanGlow,208,523
3D Printer,Health & Fitness,FakeEtherealEdge,190,524
Home Security Camera,Health & Fitness,FakeZenithStyle,495,525
Sleeping Pad,Health & Fitness,FakeUrbanGlow,693,526
Fire Pit,Arts & Crafts,FakeUrbanGlow,698,527
Aquarium,Outdoor & Garden,FakeVelvetVista,835,528
Building Blocks,Toys & Games,FakeLuxeAura,236,529
Dart Board,Electronics,FakeZenithStyle,192,530
Trekking Poles,Outdoor & Garden,FakeVelvetVista,991,531
Projector,Health & Fitness,FakeVelvetVista,515,532
Portable Hard Drive,Health & Fitness,FakeEtherealEdge,886,533
Toothpaste,Sports & Recreation,FakeUrbanGlow,156,534
Oven,Electronics,FakeVelvetVista,342,535
Fishing Rod,Electronics,FakeEtherealEdge,733,536
Smartwatch,Health & Fitness,FakeUrbanGlow,295,537
Robot Vacuum,Kitchen & Dining,FakeLuxeAura,190,538
Sled,Kitchen & Dining,FakeZenithStyle,396,539
Ice Skates,Arts & Crafts,FakeEtherealEdge,314,540
Refrigerator,Electronics,FakeVelvetVista,675,541
Flashlight,Toys & Games,FakeVelvetVista,621,542
Outdoor Umbrella,Outdoor & Garden,FakeZenithStyle,317,543
Sled,Sports & Recreation,FakeEtherealEdge,755,544
Kayak,Outdoor & Garden,FakeEtherealEdge,462,545
Soccer Ball,Health & Fitness,FakeLuxeAura,753,546
Tarp,Arts & Crafts,FakeEtherealEdge,230,547
Sleeping Bag,Toys & Games,FakeEtherealEdge,650,548
Snow Shovel,Home & Furniture,FakeUrbanGlow,699,549
Snowboard,Home & Furniture,FakeZenithStyle,691,550
Dishwasher,Home & Furniture,FakeUrbanGlow,849,551
Smart Light,Health & Fitness,FakeUrbanGlow,708,552
Air Purifier,Health & Fitness,FakeZenithStyle,587,553
Ski Goggles,Kitchen & Dining,FakeLuxeAura,970,554
Elliptical,Kitchen & Dining,FakeZenithStyle,994,555
Rain Jacket,Electronics,FakeVelvetVista,667,556
Air Conditioner,Arts & Crafts,FakeLuxeAura,761,557
Outdoor Umbrella,Toys & Games,FakeZenithStyle,286,558
Bed,Sports & Recreation,FakeLuxeAura,122,559
Wetsuit,Home & Furniture,FakeVelvetVista,283,560
Hiking Backpack,Home & Furniture,FakeEtherealEdge,391,561
Craft Kit,Toys & Games,FakeUrbanGlow,870,562
Microwave,Home & Furniture,FakeZenithStyle,893,563
Electric Scooter,Pets,FakeUrbanGlow,447,564
Dog Leash,Health & Fitness,FakeEtherealEdge,1000,565
Electric Kettle,Health & Fitness,FakeEtherealEdge,655,566
Supplement,Arts & Crafts,FakeVelvetVista,716,567
Oven,Health & Fitness,FakeEtherealEdge,641,568
Garden Tools,Pets,FakeEtherealEdge,513,569
Cooler,Pets,FakeZenithStyle,227,570
Golf Clubs,Outdoor & Garden,FakeVelvetVista,442,571
Pet Feeder,Sports & Recreation,FakeZenithStyle,244,572
Fishing Rod,Sports & Recreation,FakeLuxeAura,739,573
Toothpaste,Sports & Recreation,FakeEtherealEdge,411,574
Air Purifier,Electronics,FakeLuxeAura,360,575
Electric Car,Pets,FakeUrbanGlow,872,576
Plant Pot,Toys & Games,FakeVelvetVista,987,577
Game Console,Kitchen & Dining,FakeZenithStyle,775,578
Suitcase,Arts & Crafts,FakeVelvetVista,220,579
Stove,Outdoor & Garden,FakeEtherealEdge,414,580
Game Console,Pets,FakeUrbanGlow,647,581
Board Game,Outdoor & Garden,FakeUrbanGlow,225,582
Toothpaste,Health & Fitness,FakeEtherealEdge,652,583
Backpacking Stove,Arts & Crafts,FakeVelvetVista,786,584
Thermos,Home & Furniture,FakeZenithStyle,434,585
Camping Tent,Health & Fitness,FakeUrbanGlow,440,586
Dart Board,Health & Fitness,FakeZenithStyle,863,587
Bluetooth Speaker,Pets,FakeVelvetVista,314,588
Dart Board,Sports & Recreation,FakeLuxeAura,477,589
Wetsuit,Arts & Crafts,FakeEtherealEdge,339,590
Hair Dryer,Electronics,FakeUrbanGlow,892,591
Portable Charger,Electronics,FakeLuxeAura,943,592
Yoga Mat,Toys & Games,FakeUrbanGlow,452,593
Volleyball,Home & Furniture,FakeUrbanGlow,360,594
Plant Pot,Electronics,FakeZenithStyle,880,595
Refrigerator,Home Appliances,FakeLuxeAura,850,596
Sheets,Pets,FakeEtherealEdge,952,597
Blender,Toys & Games,FakeLuxeAura,728,598
Kayak,Kitchen & Dining,FakeZenithStyle,140,599
Art Supplies,Home Appliances,FakeEtherealEdge,297,600
Ice Skates,Home Appliances,FakeZenithStyle,688,601
Toy Car,Arts & Crafts,FakeLuxeAura,770,602
Electric Scooter,Home Appliances,FakeEtherealEdge,773,603
Patio Furniture,Health & Fitness,FakeVelvetVista,820,604
Elliptical,Home & Furniture,FakeVelvetVista,289,605
Refrigerator,Arts & Crafts,FakeVelvetVista,650,606
Game Console,Home Appliances,FakeUrbanGlow,308,607
Binoculars,Home & Furniture,FakeUrbanGlow,934,608
Camping Chair,Outdoor & Garden,FakeVelvetVista,261,609
Memory Card,Home & Furniture,FakeLuxeAura,686,610
Aquarium,Kitchen & Dining,FakeVelvetVista,125,611
Electric Shaver,Electronics,FakeVelvetVista,775,612
Pillow,Sports & Recreation,FakeUrbanGlow,940,613
Monitor,Pets,FakeEtherealEdge,883,614
Toy Car,Sports & Recreation,FakeUrbanGlow,351,615
Patio Furniture,Outdoor & Garden,FakeVelvetVista,889,616
Electric Kettle,Pets,FakeVelvetVista,176,617
Badminton Set,Sports & Recreation,FakeEtherealEdge,899,618
Backpack,Toys & Games,FakeZenithStyle,664,619
Bed,Pets,FakeVelvetVista,477,620
Sewing Machine,Electronics,FakeLuxeAura,970,621
Elliptical,Arts & Crafts,FakeVelvetVista,925,622
Badminton Set,Health & Fitness,FakeVelvetVista,172,623
Elliptical,Arts & Crafts,FakeZenithStyle,549,624
Camping Tent,Home & Furniture,FakeZenithStyle,658,625
Pet Carrier,Arts & Crafts,FakeUrbanGlow,609,626
Vacuum Cleaner,Kitchen & Dining,FakeUrbanGlow,159,627
Badminton Set,Health & Fitness,FakeUrbanGlow,866,628
Bed,Home Appliances,FakeVelvetVista,705,629
3D Printer,Electronics,FakeEtherealEdge,609,630
Volleyball,Home Appliances,FakeZenithStyle,535,631
Cat Litter Box,Arts & Crafts,FakeVelvetVista,555,632
Volleyball,Electronics,FakeEtherealEdge,262,633
Bird Cage,Outdoor & Garden,FakeVelvetVista,348,634
Baseball Glove,Home & Furniture,FakeEtherealEdge,755,635
Oven,Health & Fitness,FakeZenithStyle,717,636
Snowboard,Arts & Crafts,FakeEtherealEdge,673,637
Garden Hose,Kitchen & Dining,FakeUrbanGlow,609,638
Jacket,Toys & Games,FakeZenithStyle,352,639
Helmet,Pets,FakeZenithStyle,668,640
External SSD,Pets,FakeUrbanGlow,796,641
Binoculars,Sports & Recreation,FakeUrbanGlow,106,642
Electric Toothbrush,Electronics,FakeUrbanGlow,165,643
Smartwatch,Toys & Games,FakeEtherealEdge,813,644
Home Security Camera,Home & Furniture,FakeVelvetVista,849,645
Volleyball,Pets,FakeZenithStyle,696,646
Refrigerator,Electronics,FakeZenithStyle,236,647
Soccer Ball,Health & Fitness,FakeUrbanGlow,289,648
Backpack,Sports & Recreation,FakeEtherealEdge,206,649
Air Purifier,Pets,FakeLuxeAura,738,650
Cat Litter Box,Arts & Crafts,FakeUrbanGlow,306,651
Camera,Arts & Crafts,FakeLuxeAura,777,652
Pet Carrier,Toys & Games,FakeLuxeAura,328,653
Sled,Kitchen & Dining,FakeEtherealEdge,687,654
Sled,Home Appliances,FakeUrbanGlow,564,655
Blender,Kitchen & Dining,FakeEtherealEdge,981,656
Microwave,Kitchen & Dining,FakeEtherealEdge,572,657
Antivirus,Outdoor & Garden,FakeUrbanGlow,300,658
Golf Clubs,Outdoor & Garden,FakeEtherealEdge,386,659
Paddleboard,Sports & Recreation,FakeEtherealEdge,771,660
Thermos,Pets,FakeZenithStyle,415,661
Snowboard,Toys & Games,FakeZenithStyle,384,662
Coffee Maker,Electronics,FakeZenithStyle,233,663
Bird Cage,Arts & Crafts,FakeVelvetVista,746,664
Aquarium,Kitchen & Dining,FakeUrbanGlow,836,665
Kayak,Electronics,FakeLuxeAura,731,666
Sled,Home & Furniture,FakeUrbanGlow,629,667
Smartphone,Outdoor & Garden,FakeVelvetVista,466,668
Portable Charger,Sports & Recreation,FakeUrbanGlow,159,669
Monitor,Pets,FakeEtherealEdge,374,670
Power Bank,Home & Furniture,FakeVelvetVista,251,671
Cat Tree,Sports & Recreation,FakeLuxeAura,688,672
Telescope,Kitchen & Dining,FakeZenithStyle,621,673
Baseball Glove,Pets,FakeUrbanGlow,427,674
Bird Cage,Health & Fitness,FakeEtherealEdge,383,675
Jacket,Home Appliances,FakeLuxeAura,662,676
Thermos,Arts & Crafts,FakeVelvetVista,259,677
Hair Dryer,Home Appliances,FakeLuxeAura,722,678
Life Jacket,Home & Furniture,FakeZenithStyle,240,679
VR Headset,Home & Furniture,FakeUrbanGlow,577,680
Wetsuit,Kitchen & Dining,FakeZenithStyle,359,681
Board Game,Toys & Games,FakeLuxeAura,166,682
Paddleboard,Pets,FakeLuxeAura,508,683
Wetsuit,Kitchen & Dining,FakeUrbanGlow,894,684
Dog Collar,Outdoor & Garden,FakeEtherealEdge,222,685
Keyboard,Home Appliances,FakeLuxeAura,958,686
Baseball Glove,Outdoor & Garden,FakeZenithStyle,350,687
Projector,Outdoor & Garden,FakeZenithStyle,315,688
Tarp,Home & Furniture,FakeLuxeAura,791,689
Toothpaste,Kitchen & Dining,FakeZenithStyle,793,690
Snow Shovel,Toys & Games,FakeZenithStyle,500,691
Cat Tree,Outdoor & Garden,FakeLuxeAura,931,692
Suitcase,Sports & Recreation,FakeLuxeAura,334,693
Baseball Glove,Home & Furniture,FakeZenithStyle,327,694
Portable Charger,Electronics,FakeUrbanGlow,351,695
Tablet,Electronics,FakeUrbanGlow,750,696
Yoga Mat,Electronics,FakeZenithStyle,466,697
Garden Hose,Home Appliances,FakeUrbanGlow,1000,698
Router,Outdoor & Garden,FakeVelvetVista,919,699
BBQ Grill,Toys & Games,FakeVelvetVista,762,700
Smart Light,Home Appliances,FakeVelvetVista,717,701
Robot Vacuum,Kitchen & Dining,FakeLuxeAura,827,702
Snow Shovel,Health & Fitness,FakeVelvetVista,881,703
VR Headset,Pets,FakeLuxeAura,485,704
Monitor,Electronics,FakeZenithStyle,947,705
Supplement,Pets,FakeEtherealEdge,533,706
Hiking Boots,Pets,FakeEtherealEdge,575,707
BBQ Grill,Home Appliances,FakeLuxeAura,497,708
Surfboard,Electronics,FakeLuxeAura,783,709
Garden Tools,Home Appliances,FakeVelvetVista,629,710
Aquarium,Sports & Recreation,FakeLuxeAura,158,711
Pet Toy,Sports & Recreation,FakeLuxeAura,601,712
Smart Light,Health & Fitness,FakeEtherealEdge,502,713
Sewing Machine,Health & Fitness,FakeUrbanGlow,613,714
Puzzle,Toys & Games,FakeZenithStyle,694,715
Blender,Outdoor & Garden,FakeUrbanGlow,144,716
Dumbbells,Home Appliances,FakeVelvetVista,838,717
External SSD,Sports & Recreation,FakeUrbanGlow,723,718
Power Bank,Kitchen & Dining,FakeEtherealEdge,621,719
Rain Jacket,Electronics,FakeZenithStyle,644,720
Router,Home & Furniture,FakeZenithStyle,309,721
Ski Goggles,Home & Furniture,FakeEtherealEdge,900,722
Router,Outdoor & Garden,FakeLuxeAura,961,723
Blender,Home Appliances,FakeVelvetVista,273,724
Backpack,Sports & Recreation,FakeLuxeAura,116,725
Jacket,Electronics,FakeUrbanGlow,700,726
Monitor,Outdoor & Garden,FakeVelvetVista,487,727
Grill,Sports & Recreation,FakeZenithStyle,122,728
Badminton Set,Pets,FakeEtherealEdge,696,729
Smartwatch,Sports & Recreation,FakeZenithStyle,437,730
Oven,Arts & Crafts,FakeLuxeAura,978,731
Smart Thermostat,Kitchen & Dining,FakeEtherealEdge,339,732
Air Conditioner,Kitchen & Dining,FakeZenithStyle,224,733
Board Game,Sports & Recreation,FakeEtherealEdge,488,734
Water Filter,Toys & Games,FakeUrbanGlow,579,735
Smartwatch,Electronics,FakeUrbanGlow,659,736
Home Security Camera,Outdoor & Garden,FakeEtherealEdge,714,737
Memory Card,Health & Fitness,FakeLuxeAura,860,738
Electric Car,Home & Furniture,FakeLuxeAura,127,739
Monitor,Sports & Recreation,FakeZenithStyle,541,740
Game Console,Arts & Crafts,FakeEtherealEdge,399,741
Garden Hose,Health & Fitness,FakeVelvetVista,213,742
Speaker,Arts & Crafts,FakeVelvetVista,162,743
Paddleboard,Electronics,FakeEtherealEdge,978,744
Memory Card,Home & Furniture,FakeVelvetVista,515,745
Paddleboard,Electronics,FakeVelvetVista,754,746
Speaker,Toys & Games,FakeZenithStyle,124,747
Sleeping Pad,Outdoor & Garden,FakeZenithStyle,581,748
Robot Vacuum,Home Appliances,FakeZenithStyle,817,749
Yoga Mat,Health & Fitness,FakeZenithStyle,369,750
Electric Kettle,Arts & Crafts,FakeVelvetVista,853,751
Backpacking Stove,Arts & Crafts,FakeVelvetVista,460,752
Smart Light,Home & Furniture,FakeVelvetVista,206,753
VR Headset,Pets,FakeZenithStyle,143,754
Sheets,Pets,FakeLuxeAura,146,755
Microwave,Electronics,FakeZenithStyle,372,756
Rain Jacket,Outdoor & Garden,FakeLuxeAura,373,757
Camping Tent,Sports & Recreation,FakeZenithStyle,701,758
Smart Light,Home & Furniture,FakeLuxeAura,583,759
Suitcase,Arts & Crafts,FakeLuxeAura,284,760
Suitcase,Pets,FakeZenithStyle,406,761
Microwave,Pets,FakeVelvetVista,309,762
Bicycle,Home Appliances,FakeVelvetVista,665,763
Tackle Box,Electronics,FakeLuxeAura,860,764
Mattress,Home Appliances,FakeVelvetVista,180,765
Lamp,Electronics,FakeUrbanGlow,445,766
Surfboard,Toys & Games,FakeUrbanGlow,442,767
Electric Toothbrush,Home & Furniture,FakeVelvetVista,940,768
Pillow,Sports & Recreation,FakeEtherealEdge,422,769
Ski Poles,Kitchen & Dining,FakeUrbanGlow,344,770
Humidifier,Sports & Recreation,FakeLuxeAura,602,771
BBQ Grill,Electronics,FakeEtherealEdge,435,772
Wetsuit,Health & Fitness,FakeEtherealEdge,768,773
Fish Food,Arts & Crafts,FakeLuxeAura,663,774
Doll,Toys & Games,FakeLuxeAura,737,775
Bed,Outdoor & Garden,FakeZenithStyle,409,776
Plant Pot,Arts & Crafts,FakeEtherealEdge,681,777
Hair Dryer,Home Appliances,FakeVelvetVista,821,778
Electric Scooter,Pets,FakeUrbanGlow,778,779
Puzzle,Sports & Recreation,FakeZenithStyle,627,780
Cat Tree,Health & Fitness,FakeVelvetVista,262,781
Smartphone,Sports & Recreation,FakeVelvetVista,428,782
Camping Chair,Sports & Recreation,FakeVelvetVista,605,783
Board Game,Sports & Recreation,FakeEtherealEdge,469,784
Kayak,Kitchen & Dining,FakeVelvetVista,720,785
Laptop,Arts & Crafts,FakeEtherealEdge,292,786
Smartwatch,Health & Fitness,FakeEtherealEdge,497,787
Lamp,Toys & Games,FakeVelvetVista,346,788
Supplement,Home Appliances,FakeVelvetVista,423,789
Projector,Health & Fitness,FakeZenithStyle,982,790
Ski Goggles,Health & Fitness,FakeUrbanGlow,680,791
Fitness Tracker,Sports & Recreation,FakeVelvetVista,837,792
Hair Dryer,Sports & Recreation,FakeLuxeAura,786,793
Fitness Tracker,Pets,FakeVelvetVista,657,794
Camera,Pets,FakeEtherealEdge,276,795
BBQ Grill,Electronics,FakeZenithStyle,361,796
Pillow,Outdoor & Garden,FakeVelvetVista,485,797
Projector,Outdoor & Garden,FakeUrbanGlow,358,798
Action Figure,Arts & Crafts,FakeEtherealEdge,514,799
Electric Shaver,Arts & Crafts,FakeUrbanGlow,990,800
Treadmill,Outdoor & Garden,FakeEtherealEdge,335,801
External SSD,Outdoor & Garden,FakeUrbanGlow,809,802
Bird Cage,Home & Furniture,FakeLuxeAura,662,803
Helmet,Outdoor & Garden,FakeUrbanGlow,183,804
Ski Poles,Arts & Crafts,FakeUrbanGlow,485,805
Surfboard,Outdoor & Garden,FakeEtherealEdge,306,806
Laser Printer,Arts & Crafts,FakeEtherealEdge,662,807
Elliptical,Toys & Games,FakeVelvetVista,384,808
Pet Bed,Outdoor & Garden,FakeVelvetVista,325,809
Drone,Electronics,FakeEtherealEdge,313,810
Treadmill,Sports & Recreation,FakeVelvetVista,280,811
Board Game,Outdoor & Garden,FakeZenithStyle,170,812
Hair Dryer,Arts & Crafts,FakeZenithStyle,529,813
VR Headset,Arts & Crafts,FakeUrbanGlow,232,814
Toothpaste,Home Appliances,FakeZenithStyle,344,815
Baseball Glove,Home Appliances,FakeVelvetVista,600,816
Microwave,Toys & Games,FakeEtherealEdge,204,817
Speaker,Toys & Games,FakeUrbanGlow,651,818
Craft Kit,Home & Furniture,FakeZenithStyle,372,819
Sleeping Pad,Toys & Games,FakeEtherealEdge,318,820
Microwave,Electronics,FakeUrbanGlow,738,821
Printer,Electronics,FakeZenithStyle,639,822
Wetsuit,Pets,FakeEtherealEdge,340,823
Power Bank,Home Appliances,FakeUrbanGlow,660,824
Laser Printer,Health & Fitness,FakeZenithStyle,617,825
Puzzle,Sports & Recreation,FakeVelvetVista,674,826
Jacket,Outdoor & Garden,FakeEtherealEdge,590,827
Toothpaste,Toys & Games,FakeLuxeAura,883,828
Soccer Ball,Electronics,FakeZenithStyle,322,829
Dog Leash,Sports & Recreation,FakeZenithStyle,379,830
Sheets,Electronics,FakeVelvetVista,859,831
Plant Pot,Home & Furniture,FakeLuxeAura,843,832
Monitor,Outdoor & Garden,FakeVelvetVista,875,833
Sled,Outdoor & Garden,FakeVelvetVista,728,834
Elliptical,Home & Furniture,FakeZenithStyle,447,835
Art Supplies,Outdoor & Garden,FakeLuxeAura,342,836
Refrigerator,Pets,FakeZenithStyle,598,837
Badminton Set,Home & Furniture,FakeLuxeAura,791,838
Fire Pit,Toys & Games,FakeEtherealEdge,714,839
Ski Goggles,Health & Fitness,FakeZenithStyle,284,840
Stove,Health & Fitness,FakeZenithStyle,860,841
Juicer,Pets,FakeZenithStyle,654,842
Fish Food,Sports & Recreation,FakeZenithStyle,545,843
Game Console,Sports & Recreation,FakeUrbanGlow,909,844
Camera,Home Appliances,FakeVelvetVista,234,845
Doll,Health & Fitness,FakeLuxeAura,834,846
Dog Collar,Home Appliances,FakeLuxeAura,704,847
Bird Cage,Pets,FakeUrbanGlow,987,848
Electric Scooter,Electronics,FakeEtherealEdge,595,849
Golf Clubs,Outdoor & Garden,FakeEtherealEdge,753,850
Trekking Poles,Electronics,FakeUrbanGlow,721,851
Bluetooth Speaker,Pets,FakeVelvetVista,589,852
Humidifier,Home & Furniture,FakeVelvetVista,292,853
Life Jacket,Home Appliances,FakeEtherealEdge,564,854
Sewing Machine,Health & Fitness,FakeEtherealEdge,833,855
Sewing Machine,Home Appliances,FakeUrbanGlow,338,856
Router,Home & Furniture,FakeLuxeAura,287,857
Patio Furniture,Toys & Games,FakeZenithStyle,680,858
Tackle Box,Kitchen & Dining,FakeUrbanGlow,772,859
Grill,Toys & Games,FakeEtherealEdge,162,860
Supplement,Electronics,FakeZenithStyle,296,861
Trekking Poles,Outdoor & Garden,FakeUrbanGlow,921,862
Thermos,Pets,FakeLuxeAura,700,863
Monitor,Pets,FakeUrbanGlow,672,864
Tent,Pets,FakeLuxeAura,254,865
Memory Card,Kitchen & Dining,FakeUrbanGlow,507,866
Electric Kettle,Outdoor & Garden,FakeZenithStyle,157,867
Trekking Poles,Home & Furniture,FakeUrbanGlow,366,868
Cooler,Arts & Crafts,FakeLuxeAura,987,869
Refrigerator,Electronics,FakeZenithStyle,660,870
Yoga Mat,Arts & Crafts,FakeLuxeAura,383,871
Fishing Rod,Kitchen & Dining,FakeUrbanGlow,292,872
Dog Leash,Sports & Recreation,FakeVelvetVista,504,873
Tackle Box,Arts & Crafts,FakeUrbanGlow,794,874
Fitness Tracker,Health & Fitness,FakeLuxeAura,940,875
Board Game,Home & Furniture,FakeEtherealEdge,999,876
Air Conditioner,Electronics,FakeUrbanGlow,593,877
Puzzle,Outdoor & Garden,FakeLuxeAura,301,878
Electric Shaver,Health & Fitness,FakeLuxeAura,974,879
Flashlight,Sports & Recreation,FakeEtherealEdge,705,880
Wetsuit,Pets,FakeEtherealEdge,311,881
Badminton Set,Health & Fitness,FakeEtherealEdge,817,882
Air Purifier,Kitchen & Dining,FakeEtherealEdge,553,883
Game Console,Health & Fitness,FakeZenithStyle,954,884
Cooler,Electronics,FakeVelvetVista,594,885
Board Game,Health & Fitness,FakeEtherealEdge,493,886
Smart Doorbell,Home & Furniture,FakeZenithStyle,658,887
Smart Light,Kitchen & Dining,FakeLuxeAura,631,888
Backpacking Stove,Outdoor & Garden,FakeEtherealEdge,288,889
Telescope,Home & Furniture,FakeEtherealEdge,535,890
Tarp,Home Appliances,FakeUrbanGlow,520,891
Drone,Home Appliances,FakeVelvetVista,713,892
Board Game,Home & Furniture,FakeVelvetVista,763,893
Home Security Camera,Kitchen & Dining,FakeEtherealEdge,481,894
Outdoor Umbrella,Home & Furniture,FakeUrbanGlow,497,895
Binoculars,Toys & Games,FakeVelvetVista,288,896
BBQ Grill,Pets,FakeUrbanGlow,996,897
Yoga Mat,Home Appliances,FakeEtherealEdge,145,898
Treadmill,Home & Furniture,FakeVelvetVista,569,899
Basketball,Home Appliances,FakeEtherealEdge,840,900
Refrigerator,Pets,FakeUrbanGlow,371,901
Dart Board,Toys & Games,FakeEtherealEdge,297,902
Water Bottle,Pets,FakeEtherealEdge,164,903
Tablet,Outdoor & Garden,FakeEtherealEdge,479,904
Ski Goggles,Outdoor & Garden,FakeVelvetVista,660,905
Supplement,Toys & Games,FakeVelvetVista,330,906
Electric Toothbrush,Electronics,FakeUrbanGlow,926,907
Electric Scooter,Kitchen & Dining,FakeZenithStyle,918,908
Yoga Mat,Outdoor & Garden,FakeUrbanGlow,732,909
Volleyball,Sports & Recreation,FakeZenithStyle,904,910
Bicycle,Sports & Recreation,FakeVelvetVista,966,911
Aquarium,Health & Fitness,FakeZenithStyle,147,912
Water Filter,Health & Fitness,FakeLuxeAura,735,913
Helmet,Home & Furniture,FakeZenithStyle,319,914
Jacket,Toys & Games,FakeEtherealEdge,919,915
Laptop,Outdoor & Garden,FakeUrbanGlow,765,916
Air Conditioner,Electronics,FakeUrbanGlow,800,917
Bluetooth Speaker,Electronics,FakeEtherealEdge,135,918
Tarp,Home Appliances,FakeZenithStyle,488,919
Smart Thermostat,Home & Furniture,FakeZenithStyle,673,920
Supplement,Kitchen & Dining,FakeVelvetVista,355,921
Toothpaste,Arts & Crafts,FakeUrbanGlow,565,922
Puzzle,Arts & Crafts,FakeUrbanGlow,143,923
Outdoor Umbrella,Home & Furniture,FakeZenithStyle,166,924
Tackle Box,Pets,FakeVelvetVista,800,925
Dog Leash,Electronics,FakeZenithStyle,835,926
Pet Carrier,Kitchen & Dining,FakeEtherealEdge,206,927
Plant Pot,Home & Furniture,FakeLuxeAura,769,928
Camping Chair,Outdoor & Garden,FakeVelvetVista,224,929
Cat Tree,Sports & Recreation,FakeLuxeAura,845,930
Surfboard,Health & Fitness,FakeVelvetVista,676,931
Camera,Kitchen & Dining,FakeVelvetVista,731,932
Tarp,Home & Furniture,FakeLuxeAura,971,933
Bird Feeder,Health & Fitness,FakeEtherealEdge,725,934
Toy Car,Kitchen & Dining,FakeEtherealEdge,147,935
Paddleboard,Home & Furniture,FakeUrbanGlow,629,936
Hiking Backpack,Home Appliances,FakeLuxeAura,484,937
Fire Pit,Home & Furniture,FakeVelvetVista,586,938
Portable Hard Drive,Sports & Recreation,FakeUrbanGlow,658,939
Smartphone,Kitchen & Dining,FakeLuxeAura,421,940
Water Filter,Home & Furniture,FakeZenithStyle,147,941
Portable Hard Drive,Home Appliances,FakeZenithStyle,162,942
Ski Poles,Arts & Crafts,FakeEtherealEdge,682,943
Elliptical,Sports & Recreation,FakeZenithStyle,765,944
Smart Doorbell,Toys & Games,FakeEtherealEdge,991,945
Garden Tools,Electronics,FakeUrbanGlow,861,946
Keyboard,Home Appliances,FakeZenithStyle,989,947
Hiking Boots,Sports & Recreation,FakeZenithStyle,932,948
Bicycle,Arts & Crafts,FakeVelvetVista,946,949
Building Blocks,Arts & Crafts,FakeUrbanGlow,127,950
Laser Printer,Arts & Crafts,FakeVelvetVista,118,951
Ski Poles,Health & Fitness,FakeVelvetVista,682,952
Golf Clubs,Toys & Games,FakeZenithStyle,518,953
Humidifier,Outdoor & Garden,FakeUrbanGlow,983,954
Electric Kettle,Sports & Recreation,FakeUrbanGlow,216,955
Soap,Home & Furniture,FakeLuxeAura,692,956
Hair Dryer,Arts & Crafts,FakeEtherealEdge,174,957
Bluetooth Speaker,Kitchen & Dining,FakeZenithStyle,756,958
Action Figure,Sports & Recreation,FakeLuxeAura,575,959
Portable Hard Drive,Arts & Crafts,FakeZenithStyle,775,960
Electric Scooter,Sports & Recreation,FakeLuxeAura,196,961
Smartwatch,Outdoor & Garden,FakeVelvetVista,902,962
Bicycle,Home & Furniture,FakeUrbanGlow,839,963
Helmet,Toys & Games,FakeVelvetVista,292,964
Hiking Backpack,Outdoor & Garden,FakeUrbanGlow,406,965
Humidifier,Home Appliances,FakeZenithStyle,637,966
Memory Card,Electronics,FakeLuxeAura,788,967
Hiking Boots,Home Appliances,FakeVelvetVista,268,968
Ice Skates,Health & Fitness,FakeVelvetVista,849,969
Bird Cage,Home Appliances,FakeUrbanGlow,234,970
Laptop,Home & Furniture,FakeZenithStyle,374,971
Monitor,Pets,FakeZenithStyle,642,972
Camera,Outdoor & Garden,FakeZenithStyle,966,973
Camping Tent,Home & Furniture,FakeVelvetVista,247,974
Juicer,Kitchen & Dining,FakeLuxeAura,176,975
Dart Board,Pets,FakeUrbanGlow,938,976
Thermos,Health & Fitness,FakeLuxeAura,179,977
Microwave,Home Appliances,FakeUrbanGlow,742,978
Cat Litter Box,Kitchen & Dining,FakeVelvetVista,482,979
Suitcase,Outdoor & Garden,FakeVelvetVista,565,980
Camping Tent,Toys & Games,FakeZenithStyle,995,981
Snorkel Gear,Arts & Crafts,FakeLuxeAura,284,982
Garden Tools,Kitchen & Dining,FakeZenithStyle,156,983
Tent,Kitchen & Dining,FakeEtherealEdge,654,984
Smart Doorbell,Home Appliances,FakeVelvetVista,155,985
Rain Jacket,Home Appliances,FakeVelvetVista,630,986
Dishwasher,Sports & Recreation,FakeZenithStyle,697,987
Hiking Boots,Pets,FakeUrbanGlow,952,988
Board Game,Toys & Games,FakeLuxeAura,766,989
Smart Thermostat,Sports & Recreation,FakeLuxeAura,562,990
Juicer,Arts & Crafts,FakeZenithStyle,352,991
Jacket,Outdoor & Garden,FakeZenithStyle,870,992
Tent,Health & Fitness,FakeVelvetVista,245,993
Oven,Pets,FakeUrbanGlow,936,994
Snowboard,Home & Furniture,FakeUrbanGlow,663,995
Dog Collar,Home Appliances,FakeUrbanGlow,425,996
Soccer Ball,Kitchen & Dining,FakeZenithStyle,919,997
Fitness Tracker,Health & Fitness,FakeZenithStyle,874,998
Sleeping Pad,Arts & Crafts,FakeVelvetVista,290,999
Hiking Boots,Toys & Games,FakeEtherealEdge,965,1000
